{
  "description": "Description",
  "label": "Sharepoint Find Drive Id",
  "category": "Misc",
  "icon": {
    "name": "ActionsIcon",
    "color": "Orange"
  },
  "options": [
    {
      "name": "libraryURL",
      "label": "Library URL",
      "meta": {
        "type": "Value",
        "validations": {
          "required": true
        },
        "allowedKinds": ["STRING"]
      }
    },
    {
      "name": "result",
      "label": "Output",
      "meta": {
        "type": "Output",
        "output": {
          "type": "Text"
        },
        "validations": { "required": true }
      }
    }
  ],
  "yields": "NONE"
}
