{
  "description": "This function allows you to import the contents of a CSV file into a specific model",
  "label": "Import CSV",
  "category": "Misc",
  "icon": {
    "color": "Orange",
    "name": "UploadIcon"
  },
  "options": [
    {
      "name": "csvUrl",
      "label": "Url to the CSV file",
      "meta": {
        "type": "Text"
      }
    },
    {
      "meta": {
        "type": "Model",
        "validations": {
          "required": true
        }
      },
      "name": "model",
      "label": "Import Model",
      "info": "The model you want to import your CSV into."
    },
    {
      "name": "propertyMappings",
      "label": "CSV Mapping",
      "info": "KEY column = CSV column name , VALUE column = is the database name (in snake_case) of the property.",
      "meta": {
        "type": "Map"
      }
    },
    {
      "name": "propertyFormatMappings",
      "label": "Format mapping for CSV columns (only needed for checkbox, decimal and date/time properties)",
      "info": "KEY column = CSV column name , VALUE column = is the format of the property (checkbox, decimal or date formats are currently the only accepted formats). Checkbox properties = checkbox, decimal properties = decimal, Date formats need to be entered in the date-fns format (i.e. dd-MM-yyyy or MM/dd/yyyy etc). Link to formats: https://date-fns.org/v2.16.1/docs/format",
      "meta": {
        "type": "Map"
      }
    },
    {
      "name": "deduplicate",
      "label": "Deduplicate records (update records if matched)",
      "info": "When on, the import will try to update records (if they can be matched based ont he unique column name). Otherwise new records will be created.",
      "meta": {
        "type": "Boolean"
      }
    },
    {
      "name": "uniqueRecordColumnName",
      "info": "CSV column name of the unique identifier for your records (this name has to be part of the mappings above).",
      "label": "Unique record identifier (CSV column name)",
      "meta": {
        "type": "Text"
      }
    },
    {
      "name": "uniqueRecordColumnType",
      "label": "Unique record type",
      "info": "The type of the unique record column in Betty Blocks",
      "meta": {
        "type": "Select",
        "values": [
          { "label": "Id", "value": "id" },
          { "label": "Text", "value": "text" },
          { "label": "Number", "value": "number" },
          { "label": "Decimal", "value": "decimal" }
        ]
      }
    },
    {
      "name": "propertyMappingsUpdate",
      "label": "Update CSV Mapping for existing records (leave empty to use default)",
      "info": "KEY column = CSV column name , VALUE column = is the database name (in snake_case) of the property.",
      "meta": {
        "type": "Map"
      }
    },

    {
      "name": "logging",
      "label": "Turn on logging for this action",
      "info": "When on, the system logs will show information (i.e. the number of processed records and the time taken by this step).",
      "meta": {
        "type": "Boolean"
      }
    },
    {
      "name": "result",
      "label": "Result",
      "meta": {
        "type": "Output",
        "validations": {
          "required": true
        },
        "output": {
          "type": "Text"
        }
      }
    }
  ],
  "yields": "NONE"
}
