{
  "description": "Description",
  "label": "Sharepoint List Files For Drive",
  "category": "Misc",
  "icon": {
    "name": "ActionsIcon",
    "color": "Orange"
  },
  "options": [
    {
      "name": "driveID",
      "label": "Drive ID",
      "meta": {
        "type": "Value",
        "validations": { "required": true },
        "allowedKinds": ["STRING"]
      }
    },
    {
      "name": "schema",
      "label": "Schema Model",
      "meta": {
        "type": "SchemaModel"
      }
    },
    {
      "name": "result",
      "label": "Output",
      "meta": {
        "type": "Output",
        "output": {
          "type": "Array",
          "dataType": "SCHEMA",
          "schemaModel": "schema"
        },
        "validations": { "required": true }
      }
    }
  ],
  "yields": "NONE"
}
